{"Param_one": {"obj0": 11.8290958104, "obj1": 8.0524620181, "obj2": 6.6230233647}, "Param_two": {"obj0": 11.975390195, "obj1": 5.8097823502, "obj2": 19.481824531}, "Param_three": {"obj0": 11.9925401446, "obj1": 11.3705985904, "obj2": 10.2531308671}, "Class_label": {"obj0": 0.0, "obj1": 1.0, "obj2": 5.0}}