{"Param_one": {"obj0": 12.0200618991, "obj1": 10.265839581, "obj2": 7.6323775037}, "Param_two": {"obj0": 12.2276765082, "obj1": 13.6444083807, "obj2": 17.4792204891}, "Param_three": {"obj0": 11.7927036677, "obj1": 14.4436546825, "obj2": 20.9400274346}, "Class_label": {"obj0": 4.0, "obj1": 3.0, "obj2": 3.0}}